<?xml version="1.0"?>
<opencv_storage>
<opencv_ml_boost>
  <is_classifier>1</is_classifier>
  <var_all>8</var_all>
  <var_count>7</var_count>
  <ord_var_count>7</ord_var_count>
  <cat_var_count>1</cat_var_count>
  <training_params>
    <boosting_type>RealAdaboost</boosting_type>
    <use_surrogates>0</use_surrogates>
    <max_categories>10</max_categories>
    <regression_accuracy>9.9999997764825821e-03</regression_accuracy>
    <max_depth>1</max_depth>
    <min_sample_count>10</min_sample_count>
    <cross_validation_folds>0</cross_validation_folds>
    <weight_trimming_rate>0.</weight_trimming_rate></training_params>
  <var_idx>
    0 1 2 3 4 5 6</var_idx>
  <var_type>
    0 0 0 0 0 0 0 1</var_type>
  <cat_ofs>
    0 0 0 0 0 0 0 0 0 0 0 0 0 0</cat_ofs>
  <class_labels>
    1 2</class_labels>
  <missing_subst>
    0. 0. 0. 0. 0. 0. 0. 0.</missing_subst>
  <ntrees>100</ntrees>
  <trees>
    <_>
      <nodes>
        <_>
          <depth>0</depth>
          <value>-2.0078929470943255e-01</value>
          <splits>
            <_><var>6</var>
              <quality>7.5580525398254395e-01</quality>
              <le>8.5000000000000000e+00</le></_></splits></_>
        <_>
          <depth>1</depth>
          <value>-1.1353035616350604e+00</value></_>
        <_>
          <depth>1</depth>
          <value>2.0526971992043688e+00</value></_></nodes></_>
    <_>
      <nodes>
        <_>
          <depth>0</depth>
          <value>4.7930445646605833e-08</value>
          <splits>
            <_><var>6</var>
              <quality>3.8567683100700378e-01</quality>
              <le>4.5000000000000000e+00</le></_></splits></_>
        <_>
          <depth>1</depth>
          <value>-1.1814132091067344e+00</value></_>
        <_>
          <depth>1</depth>
          <value>5.0475872036159586e-01</value></_></nodes></_>
    <_>
      <nodes>
        <_>
          <depth>0</depth>
          <value>-5.8269158726776928e-09</value>
          <splits>
            <_><var>4</var>
              <quality>4.2561593651771545e-01</quality>
              <le>1.2044999748468399e-03</le></_></splits></_>
        <_>
          <depth>1</depth>
          <value>-7.9375129715476000e-01</value></_>
        <_>
          <depth>1</depth>
          <value>7.6558742343829889e-01</value></_></nodes></_>
    <_>
      <nodes>
        <_>
          <depth>0</depth>
          <value>-1.2005129312669476e-08</value>
          <splits>
            <_><var>5</var>
              <quality>1.9197621941566467e-01</quality>
              <le>1.6245440244674683e+00</le></_></splits></_>
        <_>
          <depth>1</depth>
          <value>-5.4645844674702237e-01</value></_>
        <_>
          <depth>1</depth>
          <value>4.0662339026549021e-01</value></_></nodes></_>
    <_>
      <nodes>
        <_>
          <depth>0</depth>
          <value>-1.1701025951850379e-08</value>
          <splits>
            <_><var>2</var>
              <quality>1.0339362919330597e-01</quality>
              <le>1.5000000000000000e+00</le></_></splits></_>
        <_>
          <depth>1</depth>
          <value>-1.2615934131029391e-01</value></_>
        <_>
          <depth>1</depth>
          <value>1.1688135259309533e+00</value></_></nodes></_>
    <_>
      <nodes>
        <_>
          <depth>0</depth>
          <value>3.6416263205553741e-09</value>
          <splits>
            <_><var>3</var>
              <quality>9.6254214644432068e-02</quality>
              <le>5.</le></_></splits></_>
        <_>
          <depth>1</depth>
          <value>1.3088588592835726e-01</value></_>
        <_>
          <depth>1</depth>
          <value>-9.4959634040210117e-01</value></_></nodes></_>
    <_>
      <nodes>
        <_>
          <depth>0</depth>
          <value>2.1104209446546391e-09</value>
          <splits>
            <_><var>0</var>
              <quality>1.8668568134307861e-01</quality>
              <le>9.2769998311996460e-01</le></_></splits></_>
        <_>
          <depth>1</depth>
          <value>-4.5236836968175176e-01</value></_>
        <_>
          <depth>1</depth>
          <value>4.7279968099126063e-01</value></_></nodes></_>
    <_>
      <nodes>
        <_>
          <depth>0</depth>
          <value>8.8106677431730762e-10</value>
          <splits>
            <_><var>5</var>
              <quality>1.2160092592239380e-01</quality>
              <le>2.2512035369873047e+00</le></_></splits></_>
        <_>
          <depth>1</depth>
          <value>-2.1052010186068235e-01</value></_>
        <_>
          <depth>1</depth>
          <value>6.7174942037800867e-01</value></_></nodes></_>
    <_>
      <nodes>
        <_>
          <depth>0</depth>
          <value>2.9943014644698708e-09</value>
          <splits>
            <_><var>0</var>
              <quality>7.7935978770256042e-02</quality>
              <le>1.6267855167388916e+00</le></_></splits></_>
        <_>
          <depth>1</depth>
          <value>-8.1739794057153523e-02</value></_>
        <_>
          <depth>1</depth>
          <value>1.8924547964148326e+00</value></_></nodes></_>
    <_>
      <nodes>
        <_>
          <depth>0</depth>
          <value>-1.9324204496168478e-09</value>
          <splits>
            <_><var>6</var>
              <quality>7.4463963508605957e-02</quality>
              <le>2.5000000000000000e+00</le></_></splits></_>
        <_>
          <depth>1</depth>
          <value>-9.3661053262707572e-01</value></_>
        <_>
          <depth>1</depth>
          <value>1.0184709579302764e-01</value></_></nodes></_>
    <_>
      <nodes>
        <_>
          <depth>0</depth>
          <value>-2.4564660921324001e-09</value>
          <splits>
            <_><var>3</var>
              <quality>9.1960355639457703e-02</quality>
              <le>3.</le></_></splits></_>
        <_>
          <depth>1</depth>
          <value>3.5820791145557518e-01</value></_>
        <_>
          <depth>1</depth>
          <value>-2.7428866628605314e-01</value></_></nodes></_>
    <_>
      <nodes>
        <_>
          <depth>0</depth>
          <value>-6.7110401020439046e-09</value>
          <splits>
            <_><var>4</var>
              <quality>1.0332151502370834e-01</quality>
              <le>2.9999999242136255e-05</le></_></splits></_>
        <_>
          <depth>1</depth>
          <value>-3.3467424196748102e-01</value></_>
        <_>
          <depth>1</depth>
          <value>3.3182964566345946e-01</value></_></nodes></_>
    <_>
      <nodes>
        <_>
          <depth>0</depth>
          <value>2.8075288681654084e-09</value>
          <splits>
            <_><var>6</var>
              <quality>8.7898828089237213e-02</quality>
              <le>6.5000000000000000e+00</le></_></splits></_>
        <_>
          <depth>1</depth>
          <value>-2.9822079787833528e-01</value></_>
        <_>
          <depth>1</depth>
          <value>3.1329368074741676e-01</value></_></nodes></_>
    <_>
      <nodes>
        <_>
          <depth>0</depth>
          <value>-1.4550573569027328e-08</value>
          <splits>
            <_><var>1</var>
              <quality>6.7161649465560913e-02</quality>
              <le>1.3833449780941010e-01</le></_></splits></_>
        <_>
          <depth>1</depth>
          <value>8.0265588797428664e-02</value></_>
        <_>
          <depth>1</depth>
          <value>-1.2162305073418509e+00</value></_></nodes></_>
    <_>
      <nodes>
        <_>
          <depth>0</depth>
          <value>-3.3508085196544494e-11</value>
          <splits>
            <_><var>4</var>
              <quality>6.1976600438356400e-02</quality>
              <le>1.2702149152755737e-01</le></_></splits></_>
        <_>
          <depth>1</depth>
          <value>1.3513810355728761e-01</value></_>
        <_>
          <depth>1</depth>
          <value>-4.9909506061292880e-01</value></_></nodes></_>
    <_>
      <nodes>
        <_>
          <depth>0</depth>
          <value>-6.2576597073767566e-09</value>
          <splits>
            <_><var>6</var>
              <quality>6.7528739571571350e-02</quality>
              <le>9.5000000000000000e+00</le></_></splits></_>
        <_>
          <depth>1</depth>
          <value>1.3117433034341416e-01</value></_>
        <_>
          <depth>1</depth>
          <value>-5.7326183555940868e-01</value></_></nodes></_>
    <_>
      <nodes>
        <_>
          <depth>0</depth>
          <value>7.4489773793890055e-09</value>
          <splits>
            <_><var>2</var>
              <quality>5.3977858275175095e-02</quality>
              <le>2.5000000000000000e+00</le></_></splits></_>
        <_>
          <depth>1</depth>
          <value>-5.4553387418466492e-02</value></_>
        <_>
          <depth>1</depth>
          <value>2.6688101261500994e+00</value></_></nodes></_>
    <_>
      <nodes>
        <_>
          <depth>0</depth>
          <value>-1.6052314503422440e-09</value>
          <splits>
            <_><var>6</var>
              <quality>5.4849207401275635e-02</quality>
              <le>1.2500000000000000e+01</le></_></splits></_>
        <_>
          <depth>1</depth>
          <value>-5.4904313303647888e-02</value></_>
        <_>
          <depth>1</depth>
          <value>5.7564577324623896e+00</value></_></nodes></_>
    <_>
      <nodes>
        <_>
          <depth>0</depth>
          <value>1.7367920101929619e-04</value>
          <splits>
            <_><var>5</var>
              <quality>5.0742618739604950e-02</quality>
              <le>3.7997097969055176e+00</le></_></splits></_>
        <_>
          <depth>1</depth>
          <value>-5.4291952507403422e-02</value></_>
        <_>
          <depth>1</depth>
          <value>1.6789882504285210e+00</value></_></nodes></_>
    <_>
      <nodes>
        <_>
          <depth>0</depth>
          <value>5.5899196351577609e-10</value>
          <splits>
            <_><var>0</var>
              <quality>7.0966646075248718e-02</quality>
              <le>6.6345453262329102e-01</le></_></splits></_>
        <_>
          <depth>1</depth>
          <value>-9.1576811899316668e-01</value></_>
        <_>
          <depth>1</depth>
          <value>9.8351121427762284e-02</value></_></nodes></_>
    <_>
      <nodes>
        <_>
          <depth>0</depth>
          <value>2.8000035545020928e-09</value>
          <splits>
            <_><var>3</var>
              <quality>4.3171491473913193e-02</quality>
              <le>5.</le></_></splits></_>
        <_>
          <depth>1</depth>
          <value>8.1007866912605975e-02</value></_>
        <_>
          <depth>1</depth>
          <value>-5.9585686600370680e-01</value></_></nodes></_>
    <_>
      <nodes>
        <_>
          <depth>0</depth>
          <value>-3.3557272628913748e-09</value>
          <splits>
            <_><var>0</var>
              <quality>4.7160271555185318e-02</quality>
              <le>1.0659420490264893e+00</le></_></splits></_>
        <_>
          <depth>1</depth>
          <value>-1.3607641538683249e-01</value></_>
        <_>
          <depth>1</depth>
          <value>3.6397268753289896e-01</value></_></nodes></_>
    <_>
      <nodes>
        <_>
          <depth>0</depth>
          <value>2.1238071256504694e-09</value>
          <splits>
            <_><var>5</var>
              <quality>5.2108254283666611e-02</quality>
              <le>1.3934500217437744e+00</le></_></splits></_>
        <_>
          <depth>1</depth>
          <value>-4.4217409644425609e-01</value></_>
        <_>
          <depth>1</depth>
          <value>1.2609161672289701e-01</value></_></nodes></_>
    <_>
      <nodes>
        <_>
          <depth>0</depth>
          <value>4.0992418180613135e-09</value>
          <splits>
            <_><var>4</var>
              <quality>4.7061756253242493e-02</quality>
              <le>1.2044999748468399e-03</le></_></splits></_>
        <_>
          <depth>1</depth>
          <value>-2.0545011552066042e-01</value></_>
        <_>
          <depth>1</depth>
          <value>2.3659867427977252e-01</value></_></nodes></_>
    <_>
      <nodes>
        <_>
          <depth>0</depth>
          <value>2.8703286331967626e-09</value>
          <splits>
            <_><var>0</var>
              <quality>4.7981094568967819e-02</quality>
              <le>4.7306199073791504e+00</le></_></splits></_>
        <_>
          <depth>1</depth>
          <value>-4.8506772816563903e-02</value></_>
        <_>
          <depth>1</depth>
          <value>2.6435685831821889e+00</value></_></nodes></_>
    <_>
      <nodes>
        <_>
          <depth>0</depth>
          <value>1.6478114401355835e-09</value>
          <splits>
            <_><var>6</var>
              <quality>4.9046296626329422e-02</quality>
              <le>6.5000000000000000e+00</le></_></splits></_>
        <_>
          <depth>1</depth>
          <value>-2.0830922840929481e-01</value></_>
        <_>
          <depth>1</depth>
          <value>2.4354915621924353e-01</value></_></nodes></_>
    <_>
      <nodes>
        <_>
          <depth>0</depth>
          <value>3.9650582659857697e-09</value>
          <splits>
            <_><var>1</var>
              <quality>3.5217259079217911e-02</quality>
              <le>7.4752002954483032e-02</le></_></splits></_>
        <_>
          <depth>1</depth>
          <value>7.4056582388361836e-01</value></_>
        <_>
          <depth>1</depth>
          <value>-5.6004452487798465e-02</value></_></nodes></_>
    <_>
      <nodes>
        <_>
          <depth>0</depth>
          <value>8.8751006536053352e-11</value>
          <splits>
            <_><var>3</var>
              <quality>3.1913872808218002e-02</quality>
              <le>5.</le></_></splits></_>
        <_>
          <depth>1</depth>
          <value>6.8929451041366205e-02</value></_>
        <_>
          <depth>1</depth>
          <value>-5.0204802677762361e-01</value></_></nodes></_>
    <_>
      <nodes>
        <_>
          <depth>0</depth>
          <value>7.4541173178346878e-10</value>
          <splits>
            <_><var>4</var>
              <quality>2.8659811243414879e-02</quality>
              <le>2.5954151153564453e-01</le></_></splits></_>
        <_>
          <depth>1</depth>
          <value>3.1556263560459860e-02</value></_>
        <_>
          <depth>1</depth>
          <value>-1.5189501633792546e+00</value></_></nodes></_>
    <_>
      <nodes>
        <_>
          <depth>0</depth>
          <value>-8.4489121326189015e-10</value>
          <splits>
            <_><var>2</var>
              <quality>3.1775668263435364e-02</quality>
              <le>1.5000000000000000e+00</le></_></splits></_>
        <_>
          <depth>1</depth>
          <value>-6.0429436875921574e-02</value></_>
        <_>
          <depth>1</depth>
          <value>5.8525015689438253e-01</value></_></nodes></_>
    <_>
      <nodes>
        <_>
          <depth>0</depth>
          <value>6.5279559531463315e-11</value>
          <splits>
            <_><var>5</var>
              <quality>4.0038570761680603e-02</quality>
              <le>1.3934500217437744e+00</le></_></splits></_>
        <_>
          <depth>1</depth>
          <value>-4.6709015805927229e-01</value></_>
        <_>
          <depth>1</depth>
          <value>9.2123923228556018e-02</value></_></nodes></_>
    <_>
      <nodes>
        <_>
          <depth>0</depth>
          <value>-1.8088131025739471e-09</value>
          <splits>
            <_><var>4</var>
              <quality>3.3122200518846512e-02</quality>
              <le>1.2044999748468399e-03</le></_></splits></_>
        <_>
          <depth>1</depth>
          <value>-1.6749124930169404e-01</value></_>
        <_>
          <depth>1</depth>
          <value>2.0231652797290459e-01</value></_></nodes></_>
    <_>
      <nodes>
        <_>
          <depth>0</depth>
          <value>-1.4085679309462203e-09</value>
          <splits>
            <_><var>3</var>
              <quality>3.8004197180271149e-02</quality>
              <le>3.</le></_></splits></_>
        <_>
          <depth>1</depth>
          <value>2.5948750198303666e-01</value></_>
        <_>
          <depth>1</depth>
          <value>-1.5086549192168119e-01</value></_></nodes></_>
    <_>
      <nodes>
        <_>
          <depth>0</depth>
          <value>-7.5209344364500472e-10</value>
          <splits>
            <_><var>0</var>
              <quality>2.0658263936638832e-02</quality>
              <le>1.1417410373687744e+00</le></_></splits></_>
        <_>
          <depth>1</depth>
          <value>-6.3461322082564400e-02</value></_>
        <_>
          <depth>1</depth>
          <value>3.3830369728967163e-01</value></_></nodes></_>
    <_>
      <nodes>
        <_>
          <depth>0</depth>
          <value>-1.0485246015770666e-09</value>
          <splits>
            <_><var>5</var>
              <quality>2.1706802770495415e-02</quality>
              <le>1.3021064996719360e+00</le></_></splits></_>
        <_>
          <depth>1</depth>
          <value>-3.7065767766776647e-01</value></_>
        <_>
          <depth>1</depth>
          <value>6.1297278313792149e-02</value></_></nodes></_>
    <_>
      <nodes>
        <_>
          <depth>0</depth>
          <value>1.9883428233268271e-10</value>
          <splits>
            <_><var>2</var>
              <quality>2.3439547047019005e-02</quality>
              <le>1.5000000000000000e+00</le></_></splits></_>
        <_>
          <depth>1</depth>
          <value>-5.1679909217907237e-02</value></_>
        <_>
          <depth>1</depth>
          <value>4.8967204902266498e-01</value></_></nodes></_>
    <_>
      <nodes>
        <_>
          <depth>0</depth>
          <value>1.3042189533550708e-09</value>
          <splits>
            <_><var>4</var>
              <quality>2.5531578809022903e-02</quality>
              <le>1.4958450198173523e-01</le></_></splits></_>
        <_>
          <depth>1</depth>
          <value>7.7575074000028901e-02</value></_>
        <_>
          <depth>1</depth>
          <value>-3.4258233920987818e-01</value></_></nodes></_>
    <_>
      <nodes>
        <_>
          <depth>0</depth>
          <value>2.1622998900168691e-09</value>
          <splits>
            <_><var>4</var>
              <quality>1.8897110596299171e-02</quality>
              <le>2.5842750072479248e-01</le></_></splits></_>
        <_>
          <depth>1</depth>
          <value>-2.8188776430417031e-02</value></_>
        <_>
          <depth>1</depth>
          <value>8.1175018408400423e-01</value></_></nodes></_>
    <_>
      <nodes>
        <_>
          <depth>0</depth>
          <value>1.1871148507237215e-10</value>
          <splits>
            <_><var>5</var>
              <quality>2.0779201760888100e-02</quality>
              <le>1.4510664939880371e+00</le></_></splits></_>
        <_>
          <depth>1</depth>
          <value>-3.3150261628043559e-01</value></_>
        <_>
          <depth>1</depth>
          <value>6.5052945815158830e-02</value></_></nodes></_>
    <_>
      <nodes>
        <_>
          <depth>0</depth>
          <value>-2.5593420226454322e-09</value>
          <splits>
            <_><var>4</var>
              <quality>2.2270113229751587e-02</quality>
              <le>2.4550000671297312e-04</le></_></splits></_>
        <_>
          <depth>1</depth>
          <value>-1.2860596446567921e-01</value></_>
        <_>
          <depth>1</depth>
          <value>1.7591145060243088e-01</value></_></nodes></_>
    <_>
      <nodes>
        <_>
          <depth>0</depth>
          <value>-3.9641881601266945e-09</value>
          <splits>
            <_><var>4</var>
              <quality>2.2716565057635307e-02</quality>
              <le>1.9797500967979431e-01</le></_></splits></_>
        <_>
          <depth>1</depth>
          <value>4.5695886499365478e-02</value></_>
        <_>
          <depth>1</depth>
          <value>-5.4593965711652825e-01</value></_></nodes></_>
    <_>
      <nodes>
        <_>
          <depth>0</depth>
          <value>2.4261605998644826e-09</value>
          <splits>
            <_><var>5</var>
              <quality>1.7237251624464989e-02</quality>
              <le>4.4535398483276367e+00</le></_></splits></_>
        <_>
          <depth>1</depth>
          <value>-1.7238957570638379e-02</value></_>
        <_>
          <depth>1</depth>
          <value>5.7564577324623896e+00</value></_></nodes></_>
    <_>
      <nodes>
        <_>
          <depth>0</depth>
          <value>5.4514611808940410e-05</value>
          <splits>
            <_><var>0</var>
              <quality>1.8231675028800964e-02</quality>
              <le>8.6576598882675171e-01</le></_></splits></_>
        <_>
          <depth>1</depth>
          <value>-2.0232315863445546e-01</value></_>
        <_>
          <depth>1</depth>
          <value>9.1622968941963770e-02</value></_></nodes></_>
    <_>
      <nodes>
        <_>
          <depth>0</depth>
          <value>-2.9759431119125040e-09</value>
          <splits>
            <_><var>5</var>
              <quality>1.6022387892007828e-02</quality>
              <le>1.8647689819335938e+00</le></_></splits></_>
        <_>
          <depth>1</depth>
          <value>1.0934493850716563e-01</value></_>
        <_>
          <depth>1</depth>
          <value>-1.4818950060053188e-01</value></_></nodes></_>
    <_>
      <nodes>
        <_>
          <depth>0</depth>
          <value>6.5559113650345370e-10</value>
          <splits>
            <_><var>5</var>
              <quality>1.6092980280518532e-02</quality>
              <le>1.7026314735412598e+00</le></_></splits></_>
        <_>
          <depth>1</depth>
          <value>-1.6747996717821076e-01</value></_>
        <_>
          <depth>1</depth>
          <value>9.7291549894736498e-02</value></_></nodes></_>
    <_>
      <nodes>
        <_>
          <depth>0</depth>
          <value>-2.8942890390407081e-09</value>
          <splits>
            <_><var>0</var>
              <quality>1.7104750499129295e-02</quality>
              <le>8.2626652717590332e-01</le></_></splits></_>
        <_>
          <depth>1</depth>
          <value>2.2732145683702212e-01</value></_>
        <_>
          <depth>1</depth>
          <value>-7.6686392869652384e-02</value></_></nodes></_>
    <_>
      <nodes>
        <_>
          <depth>0</depth>
          <value>-3.3462672744797479e-09</value>
          <splits>
            <_><var>0</var>
              <quality>1.7362639307975769e-02</quality>
              <le>6.1257398128509521e-01</le></_></splits></_>
        <_>
          <depth>1</depth>
          <value>-5.8524717219244893e-01</value></_>
        <_>
          <depth>1</depth>
          <value>3.2991392771489769e-02</value></_></nodes></_>
    <_>
      <nodes>
        <_>
          <depth>0</depth>
          <value>-2.2139001791984772e-09</value>
          <splits>
            <_><var>1</var>
              <quality>1.7081227153539658e-02</quality>
              <le>6.3773497939109802e-02</le></_></splits></_>
        <_>
          <depth>1</depth>
          <value>5.7564577324623896e+00</value></_>
        <_>
          <depth>1</depth>
          <value>-1.7082890380521638e-02</value></_></nodes></_>
    <_>
      <nodes>
        <_>
          <depth>0</depth>
          <value>5.4020925920228362e-05</value>
          <splits>
            <_><var>5</var>
              <quality>1.5796698629856110e-02</quality>
              <le>1.1086204051971436e+00</le></_></splits></_>
        <_>
          <depth>1</depth>
          <value>8.2486914208174755e-01</value></_>
        <_>
          <depth>1</depth>
          <value>-2.3260917388504970e-02</value></_></nodes></_>
    <_>
      <nodes>
        <_>
          <depth>0</depth>
          <value>-2.1764273721321462e-10</value>
          <splits>
            <_><var>4</var>
              <quality>1.3531280681490898e-02</quality>
              <le>2.5842750072479248e-01</le></_></splits></_>
        <_>
          <depth>1</depth>
          <value>-2.4862706803549212e-02</value></_>
        <_>
          <depth>1</depth>
          <value>6.1031981331723484e-01</value></_></nodes></_>
    <_>
      <nodes>
        <_>
          <depth>0</depth>
          <value>6.0443161550397882e-10</value>
          <splits>
            <_><var>5</var>
              <quality>1.5834433957934380e-02</quality>
              <le>1.3021064996719360e+00</le></_></splits></_>
        <_>
          <depth>1</depth>
          <value>-3.6125081983776103e-01</value></_>
        <_>
          <depth>1</depth>
          <value>4.5754492903008433e-02</value></_></nodes></_>
    <_>
      <nodes>
        <_>
          <depth>0</depth>
          <value>3.2427149843670952e-10</value>
          <splits>
            <_><var>2</var>
              <quality>1.4656380750238895e-02</quality>
              <le>1.5000000000000000e+00</le></_></splits></_>
        <_>
          <depth>1</depth>
          <value>-3.7191375645781899e-02</value></_>
        <_>
          <depth>1</depth>
          <value>4.1683620895112844e-01</value></_></nodes></_>
    <_>
      <nodes>
        <_>
          <depth>0</depth>
          <value>9.5192298397584588e-10</value>
          <splits>
            <_><var>2</var>
              <quality>1.5913350507616997e-02</quality>
              <le>5.0000000000000000e-01</le></_></splits></_>
        <_>
          <depth>1</depth>
          <value>8.8904616809106343e-02</value></_>
        <_>
          <depth>1</depth>
          <value>-1.8142968777484314e-01</value></_></nodes></_>
    <_>
      <nodes>
        <_>
          <depth>0</depth>
          <value>-2.8029589838902441e-09</value>
          <splits>
            <_><var>4</var>
              <quality>2.7745494619011879e-02</quality>
              <le>1.2044999748468399e-03</le></_></splits></_>
        <_>
          <depth>1</depth>
          <value>-1.3552862198676616e-01</value></_>
        <_>
          <depth>1</depth>
          <value>2.0896169746044904e-01</value></_></nodes></_>
    <_>
      <nodes>
        <_>
          <depth>0</depth>
          <value>2.0540460401449945e-09</value>
          <splits>
            <_><var>2</var>
              <quality>2.0216342061758041e-02</quality>
              <le>5.0000000000000000e-01</le></_></splits></_>
        <_>
          <depth>1</depth>
          <value>1.0175629787053678e-01</value></_>
        <_>
          <depth>1</depth>
          <value>-2.0206529633944639e-01</value></_></nodes></_>
    <_>
      <nodes>
        <_>
          <depth>0</depth>
          <value>-1.8976225626892905e-09</value>
          <splits>
            <_><var>4</var>
              <quality>1.5494746156036854e-02</quality>
              <le>1.2044999748468399e-03</le></_></splits></_>
        <_>
          <depth>1</depth>
          <value>-9.8790873719962272e-02</value></_>
        <_>
          <depth>1</depth>
          <value>1.5867216104659945e-01</value></_></nodes></_>
    <_>
      <nodes>
        <_>
          <depth>0</depth>
          <value>4.4753813787761729e-09</value>
          <splits>
            <_><var>5</var>
              <quality>1.7361631616950035e-02</quality>
              <le>1.5873155593872070e+00</le></_></splits></_>
        <_>
          <depth>1</depth>
          <value>-2.3236362948080316e-01</value></_>
        <_>
          <depth>1</depth>
          <value>7.6204599505628287e-02</value></_></nodes></_>
    <_>
      <nodes>
        <_>
          <depth>0</depth>
          <value>4.0791858763058730e-10</value>
          <splits>
            <_><var>1</var>
              <quality>1.8464425578713417e-02</quality>
              <le>1.3246600329875946e-01</le></_></splits></_>
        <_>
          <depth>1</depth>
          <value>-4.4632471080940220e-02</value></_>
        <_>
          <depth>1</depth>
          <value>4.4039768894401021e-01</value></_></nodes></_>
    <_>
      <nodes>
        <_>
          <depth>0</depth>
          <value>1.7429668788967154e-09</value>
          <splits>
            <_><var>1</var>
              <quality>1.4678598381578922e-02</quality>
              <le>7.4863001704216003e-02</le></_></splits></_>
        <_>
          <depth>1</depth>
          <value>-5.9557620895100338e-01</value></_>
        <_>
          <depth>1</depth>
          <value>2.7500389577450053e-02</value></_></nodes></_>
    <_>
      <nodes>
        <_>
          <depth>0</depth>
          <value>1.1568532784995232e-09</value>
          <splits>
            <_><var>1</var>
              <quality>1.5021824277937412e-02</quality>
              <le>1.3833449780941010e-01</le></_></splits></_>
        <_>
          <depth>1</depth>
          <value>1.6539385417954747e-02</value></_>
        <_>
          <depth>1</depth>
          <value>-1.5178856598065953e+00</value></_></nodes></_>
    <_>
      <nodes>
        <_>
          <depth>0</depth>
          <value>6.6798566673554824e-11</value>
          <splits>
            <_><var>1</var>
              <quality>1.4516422525048256e-02</quality>
              <le>1.3829550147056580e-01</le></_></splits></_>
        <_>
          <depth>1</depth>
          <value>-2.0124312530918467e-02</value></_>
        <_>
          <depth>1</depth>
          <value>9.1063092706006843e-01</value></_></nodes></_>
    <_>
      <nodes>
        <_>
          <depth>0</depth>
          <value>-3.1151797817697719e-10</value>
          <splits>
            <_><var>6</var>
              <quality>1.7776362597942352e-02</quality>
              <le>6.5000000000000000e+00</le></_></splits></_>
        <_>
          <depth>1</depth>
          <value>-1.3639925579942166e-01</value></_>
        <_>
          <depth>1</depth>
          <value>1.3189267633415816e-01</value></_></nodes></_>
    <_>
      <nodes>
        <_>
          <depth>0</depth>
          <value>-3.2190856750588210e-09</value>
          <splits>
            <_><var>4</var>
              <quality>2.1081674844026566e-02</quality>
              <le>1.2044999748468399e-03</le></_></splits></_>
        <_>
          <depth>1</depth>
          <value>-1.1810382356729902e-01</value></_>
        <_>
          <depth>1</depth>
          <value>1.8129073701555082e-01</value></_></nodes></_>
    <_>
      <nodes>
        <_>
          <depth>0</depth>
          <value>3.0331708164169234e-09</value>
          <splits>
            <_><var>3</var>
              <quality>1.9648162648081779e-02</quality>
              <le>3.</le></_></splits></_>
        <_>
          <depth>1</depth>
          <value>1.9585206898511770e-01</value></_>
        <_>
          <depth>1</depth>
          <value>-1.0195266789216652e-01</value></_></nodes></_>
    <_>
      <nodes>
        <_>
          <depth>0</depth>
          <value>-2.9024334131519642e-09</value>
          <splits>
            <_><var>1</var>
              <quality>1.7877213656902313e-02</quality>
              <le>1.2216749787330627e-01</le></_></splits></_>
        <_>
          <depth>1</depth>
          <value>5.8980079507899554e-02</value></_>
        <_>
          <depth>1</depth>
          <value>-3.1332324001335837e-01</value></_></nodes></_>
    <_>
      <nodes>
        <_>
          <depth>0</depth>
          <value>-3.0887870134870412e-09</value>
          <splits>
            <_><var>4</var>
              <quality>1.5391577966511250e-02</quality>
              <le>9.8906502127647400e-02</le></_></splits></_>
        <_>
          <depth>1</depth>
          <value>7.4885301452271721e-02</value></_>
        <_>
          <depth>1</depth>
          <value>-2.0890630655065093e-01</value></_></nodes></_>
    <_>
      <nodes>
        <_>
          <depth>0</depth>
          <value>4.5069015166215235e-10</value>
          <splits>
            <_><var>2</var>
              <quality>1.6485581174492836e-02</quality>
              <le>1.5000000000000000e+00</le></_></splits></_>
        <_>
          <depth>1</depth>
          <value>-4.0738104702646369e-02</value></_>
        <_>
          <depth>1</depth>
          <value>4.2949128983415891e-01</value></_></nodes></_>
    <_>
      <nodes>
        <_>
          <depth>0</depth>
          <value>1.6825201203942436e-09</value>
          <splits>
            <_><var>4</var>
              <quality>1.4860806055366993e-02</quality>
              <le>3.1524699926376343e-01</le></_></splits></_>
        <_>
          <depth>1</depth>
          <value>1.4864580190461031e-02</value></_>
        <_>
          <depth>1</depth>
          <value>-4.6573899188762526e+00</value></_></nodes></_>
    <_>
      <nodes>
        <_>
          <depth>0</depth>
          <value>4.7197978836272104e-10</value>
          <splits>
            <_><var>0</var>
              <quality>1.5305574052035809e-02</quality>
              <le>7.1291202306747437e-01</le></_></splits></_>
        <_>
          <depth>1</depth>
          <value>-3.4526331926489245e-01</value></_>
        <_>
          <depth>1</depth>
          <value>4.6110444383617090e-02</value></_></nodes></_>
    <_>
      <nodes>
        <_>
          <depth>0</depth>
          <value>2.0315300511637723e-09</value>
          <splits>
            <_><var>0</var>
              <quality>1.6914548352360725e-02</quality>
              <le>1.0040650367736816e+00</le></_></splits></_>
        <_>
          <depth>1</depth>
          <value>9.6990029715691470e-02</value></_>
        <_>
          <depth>1</depth>
          <value>-1.7675938100100738e-01</value></_></nodes></_>
    <_>
      <nodes>
        <_>
          <depth>0</depth>
          <value>6.8617000922967488e-10</value>
          <splits>
            <_><var>4</var>
              <quality>1.2164654210209846e-02</quality>
              <le>2.5842750072479248e-01</le></_></splits></_>
        <_>
          <depth>1</depth>
          <value>-1.8647970653558225e-02</value></_>
        <_>
          <depth>1</depth>
          <value>7.7947775116210549e-01</value></_></nodes></_>
    <_>
      <nodes>
        <_>
          <depth>0</depth>
          <value>-5.2889848084709711e-10</value>
          <splits>
            <_><var>0</var>
              <quality>1.2365318834781647e-02</quality>
              <le>1.6432673931121826e+00</le></_></splits></_>
        <_>
          <depth>1</depth>
          <value>-1.7136893591382291e-02</value></_>
        <_>
          <depth>1</depth>
          <value>9.1104183548834339e-01</value></_></nodes></_>
    <_>
      <nodes>
        <_>
          <depth>0</depth>
          <value>2.3705615242939737e-10</value>
          <splits>
            <_><var>5</var>
              <quality>1.0821793228387833e-02</quality>
              <le>1.3021064996719360e+00</le></_></splits></_>
        <_>
          <depth>1</depth>
          <value>-3.1869272307893315e-01</value></_>
        <_>
          <depth>1</depth>
          <value>3.5113150320825709e-02</value></_></nodes></_>
    <_>
      <nodes>
        <_>
          <depth>0</depth>
          <value>-2.5101074615231493e-09</value>
          <splits>
            <_><var>4</var>
              <quality>1.0235206224024296e-02</quality>
              <le>1.2044999748468399e-03</le></_></splits></_>
        <_>
          <depth>1</depth>
          <value>-7.9613648179541391e-02</value></_>
        <_>
          <depth>1</depth>
          <value>1.2955242369698694e-01</value></_></nodes></_>
    <_>
      <nodes>
        <_>
          <depth>0</depth>
          <value>1.1026957125060386e-11</value>
          <splits>
            <_><var>2</var>
              <quality>1.3400243595242500e-02</quality>
              <le>5.0000000000000000e-01</le></_></splits></_>
        <_>
          <depth>1</depth>
          <value>8.2296966677674790e-02</value></_>
        <_>
          <depth>1</depth>
          <value>-1.6466772616088857e-01</value></_></nodes></_>
    <_>
      <nodes>
        <_>
          <depth>0</depth>
          <value>-7.5196610106388872e-10</value>
          <splits>
            <_><var>4</var>
              <quality>1.0641811415553093e-02</quality>
              <le>1.2044999748468399e-03</le></_></splits></_>
        <_>
          <depth>1</depth>
          <value>-8.0087757151015945e-02</value></_>
        <_>
          <depth>1</depth>
          <value>1.3395639768735967e-01</value></_></nodes></_>
    <_>
      <nodes>
        <_>
          <depth>0</depth>
          <value>-9.0565688364161840e-10</value>
          <splits>
            <_><var>4</var>
              <quality>1.1081592179834843e-02</quality>
              <le>1.4958450198173523e-01</le></_></splits></_>
        <_>
          <depth>1</depth>
          <value>4.7937154306564325e-02</value></_>
        <_>
          <depth>1</depth>
          <value>-2.3561133376840002e-01</value></_></nodes></_>
    <_>
      <nodes>
        <_>
          <depth>0</depth>
          <value>-2.7234925433418111e-10</value>
          <splits>
            <_><var>1</var>
              <quality>8.2211475819349289e-03</quality>
              <le>8.2310006022453308e-02</le></_></splits></_>
        <_>
          <depth>1</depth>
          <value>2.4247946547028126e-01</value></_>
        <_>
          <depth>1</depth>
          <value>-3.4580182228629047e-02</value></_></nodes></_>
    <_>
      <nodes>
        <_>
          <depth>0</depth>
          <value>9.1735263745508436e-10</value>
          <splits>
            <_><var>3</var>
              <quality>1.3991199433803558e-02</quality>
              <le>5.</le></_></splits></_>
        <_>
          <depth>1</depth>
          <value>4.3074187589690942e-02</value></_>
        <_>
          <depth>1</depth>
          <value>-3.3724675463805948e-01</value></_></nodes></_>
    <_>
      <nodes>
        <_>
          <depth>0</depth>
          <value>-3.6127234550327172e-10</value>
          <splits>
            <_><var>0</var>
              <quality>1.1832103133201599e-02</quality>
              <le>8.7456297874450684e-01</le></_></splits></_>
        <_>
          <depth>1</depth>
          <value>-1.7236039266562023e-01</value></_>
        <_>
          <depth>1</depth>
          <value>6.9437296807103172e-02</value></_></nodes></_>
    <_>
      <nodes>
        <_>
          <depth>0</depth>
          <value>5.0644355350401995e-10</value>
          <splits>
            <_><var>2</var>
              <quality>1.2288002297282219e-02</quality>
              <le>2.5000000000000000e+00</le></_></splits></_>
        <_>
          <depth>1</depth>
          <value>-1.5082397061717366e-02</value></_>
        <_>
          <depth>1</depth>
          <value>1.1411069114883281e+00</value></_></nodes></_>
    <_>
      <nodes>
        <_>
          <depth>0</depth>
          <value>-1.1680278967617189e-10</value>
          <splits>
            <_><var>6</var>
              <quality>1.1155906133353710e-02</quality>
              <le>4.5000000000000000e+00</le></_></splits></_>
        <_>
          <depth>1</depth>
          <value>-2.3781622842642455e-01</value></_>
        <_>
          <depth>1</depth>
          <value>4.7827243874449185e-02</value></_></nodes></_>
    <_>
      <nodes>
        <_>
          <depth>0</depth>
          <value>2.3016299971732530e-10</value>
          <splits>
            <_><var>5</var>
              <quality>1.1683244258165359e-02</quality>
              <le>1.9017274379730225e+00</le></_></splits></_>
        <_>
          <depth>1</depth>
          <value>9.7511523189524454e-02</value></_>
        <_>
          <depth>1</depth>
          <value>-1.2077735473426797e-01</value></_></nodes></_>
    <_>
      <nodes>
        <_>
          <depth>0</depth>
          <value>-8.9433405134014274e-11</value>
          <splits>
            <_><var>0</var>
              <quality>9.6840942278504372e-03</quality>
              <le>8.2626652717590332e-01</le></_></splits></_>
        <_>
          <depth>1</depth>
          <value>1.8846013999099792e-01</value></_>
        <_>
          <depth>1</depth>
          <value>-5.2039215046498284e-02</value></_></nodes></_>
    <_>
      <nodes>
        <_>
          <depth>0</depth>
          <value>-1.5380780561744731e-09</value>
          <splits>
            <_><var>0</var>
              <quality>1.3726290315389633e-02</quality>
              <le>8.6576598882675171e-01</le></_></splits></_>
        <_>
          <depth>1</depth>
          <value>-1.9309860107575438e-01</value></_>
        <_>
          <depth>1</depth>
          <value>7.2090305665972312e-02</value></_></nodes></_>
    <_>
      <nodes>
        <_>
          <depth>0</depth>
          <value>1.1784666562032418e-09</value>
          <splits>
            <_><var>0</var>
              <quality>1.0520478710532188e-02</quality>
              <le>9.4136703014373779e-01</le></_></splits></_>
        <_>
          <depth>1</depth>
          <value>1.1703647911792640e-01</value></_>
        <_>
          <depth>1</depth>
          <value>-9.0547299365113562e-02</value></_></nodes></_>
    <_>
      <nodes>
        <_>
          <depth>0</depth>
          <value>1.8922257058739465e-09</value>
          <splits>
            <_><var>0</var>
              <quality>1.0923435911536217e-02</quality>
              <le>6.1257398128509521e-01</le></_></splits></_>
        <_>
          <depth>1</depth>
          <value>-6.3572462113332606e-01</value></_>
        <_>
          <depth>1</depth>
          <value>1.9439810245571329e-02</value></_></nodes></_>
    <_>
      <nodes>
        <_>
          <depth>0</depth>
          <value>-1.0965726672064082e-09</value>
          <splits>
            <_><var>3</var>
              <quality>8.0372104421257973e-03</quality>
              <le>3.</le></_></splits></_>
        <_>
          <depth>1</depth>
          <value>1.3124751807679999e-01</value></_>
        <_>
          <depth>1</depth>
          <value>-6.1666313537600090e-02</value></_></nodes></_>
    <_>
      <nodes>
        <_>
          <depth>0</depth>
          <value>-7.4198552912450551e-10</value>
          <splits>
            <_><var>6</var>
              <quality>1.1133206076920033e-02</quality>
              <le>6.5000000000000000e+00</le></_></splits></_>
        <_>
          <depth>1</depth>
          <value>-1.0532147648180609e-01</value></_>
        <_>
          <depth>1</depth>
          <value>1.0649826996966985e-01</value></_></nodes></_>
    <_>
      <nodes>
        <_>
          <depth>0</depth>
          <value>-1.6852150814350425e-09</value>
          <splits>
            <_><var>4</var>
              <quality>9.1636870056390762e-03</quality>
              <le>2.5842750072479248e-01</le></_></splits></_>
        <_>
          <depth>1</depth>
          <value>-1.7151829473563626e-02</value></_>
        <_>
          <depth>1</depth>
          <value>5.9617367096550145e-01</value></_></nodes></_>
    <_>
      <nodes>
        <_>
          <depth>0</depth>
          <value>1.0869194432201351e-10</value>
          <splits>
            <_><var>4</var>
              <quality>1.2360496446490288e-02</quality>
              <le>2.5954151153564453e-01</le></_></splits></_>
        <_>
          <depth>1</depth>
          <value>1.3035748912706521e-02</value></_>
        <_>
          <depth>1</depth>
          <value>-1.8141675158818795e+00</value></_></nodes></_>
    <_>
      <nodes>
        <_>
          <depth>0</depth>
          <value>-2.4280716332325785e-10</value>
          <splits>
            <_><var>4</var>
              <quality>9.7331842407584190e-03</quality>
              <le>2.5842750072479248e-01</le></_></splits></_>
        <_>
          <depth>1</depth>
          <value>-1.3035749703532839e-02</value></_>
        <_>
          <depth>1</depth>
          <value>9.6544433742609437e-01</value></_></nodes></_>
    <_>
      <nodes>
        <_>
          <depth>0</depth>
          <value>4.3600878444213212e-10</value>
          <splits>
            <_><var>1</var>
              <quality>9.9403429776430130e-03</quality>
              <le>9.0236499905586243e-02</le></_></splits></_>
        <_>
          <depth>1</depth>
          <value>-1.6057494002540290e-01</value></_>
        <_>
          <depth>1</depth>
          <value>6.2517161163561152e-02</value></_></nodes></_>
    <_>
      <nodes>
        <_>
          <depth>0</depth>
          <value>2.5673909598987832e-09</value>
          <splits>
            <_><var>1</var>
              <quality>1.5027798712253571e-02</quality>
              <le>8.2310006022453308e-02</le></_></splits></_>
        <_>
          <depth>1</depth>
          <value>3.1908312952657819e-01</value></_>
        <_>
          <depth>1</depth>
          <value>-4.8722956275832729e-02</value></_></nodes></_>
    <_>
      <nodes>
        <_>
          <depth>0</depth>
          <value>7.1628014579370085e-10</value>
          <splits>
            <_><var>5</var>
              <quality>9.2552611604332924e-03</quality>
              <le>1.7026314735412598e+00</le></_></splits></_>
        <_>
          <depth>1</depth>
          <value>-1.4583192863015948e-01</value></_>
        <_>
          <depth>1</depth>
          <value>6.4001774055581634e-02</value></_></nodes></_>
    <_>
      <nodes>
        <_>
          <depth>0</depth>
          <value>-1.8421117443173442e-09</value>
          <splits>
            <_><var>5</var>
              <quality>1.1134076863527298e-02</quality>
              <le>1.1086204051971436e+00</le></_></splits></_>
        <_>
          <depth>1</depth>
          <value>6.5086149516958669e-01</value></_>
        <_>
          <depth>1</depth>
          <value>-1.9459135076703250e-02</value></_></nodes></_>
    <_>
      <nodes>
        <_>
          <depth>0</depth>
          <value>5.5624060881921846e-10</value>
          <splits>
            <_><var>5</var>
              <quality>9.9635263904929161e-03</quality>
              <le>1.0475504398345947e+00</le></_></splits></_>
        <_>
          <depth>1</depth>
          <value>-5.7564577324601141e+00</value></_>
        <_>
          <depth>1</depth>
          <value>9.9638568441808989e-03</value></_></nodes></_>
    <_>
      <nodes>
        <_>
          <depth>0</depth>
          <value>-3.1508166088446284e-05</value>
          <splits>
            <_><var>4</var>
              <quality>9.8507283255457878e-03</quality>
              <le>1.2044999748468399e-03</le></_></splits></_>
        <_>
          <depth>1</depth>
          <value>-7.5325078741219534e-02</value></_>
        <_>
          <depth>1</depth>
          <value>1.3180485654456242e-01</value></_></nodes></_>
    <_>
      <nodes>
        <_>
          <depth>0</depth>
          <value>1.3726888495910708e-09</value>
          <splits>
            <_><var>2</var>
              <quality>1.0722988285124302e-02</quality>
              <le>5.0000000000000000e-01</le></_></splits></_>
        <_>
          <depth>1</depth>
          <value>7.1547617654537099e-02</value></_>
        <_>
          <depth>1</depth>
          <value>-1.5127108118586630e-01</value></_></nodes></_>
    <_>
      <nodes>
        <_>
          <depth>0</depth>
          <value>-3.5717984808627029e-09</value>
          <splits>
            <_><var>1</var>
              <quality>8.7415678426623344e-03</quality>
              <le>8.4104999899864197e-02</le></_></splits></_>
        <_>
          <depth>1</depth>
          <value>-2.0050597666368869e-01</value></_>
        <_>
          <depth>1</depth>
          <value>4.4209003477970625e-02</value></_></nodes></_></trees></opencv_ml_boost>
</opencv_storage>
